{
  "TranslationProperties": {
    "Name": "server.items.Weapon_Spear_Thorium.name"
  },
  "Categories": [
    "Items.Weapons"
  ],
  "Quality": "Rare",
  "ItemLevel": 30,
  "Model": "Items/Weapons/Spear/Thorium.blockymodel",
  "Texture": "Items/Weapons/Spear/Thorium_Texture.png",
  "MaxStack": 1,
  "IconProperties": {
    "Scale": 0.22,
    "Translation": [
      -62,
      -64
    ],
    "Rotation": [
      0,
      0,
      315
    ]
  },
  "Interactions": {
    "Primary": "Spear_Attack",
    "Secondary": "Spear_Block"
  },
  "InteractionVars": {
    "Spear_Block_Damage": "Spear_Block_Damage",
    "Spear_Stab_Effect": {
      "Interactions": [
        {
          "Parent": "Spear_Stab_Effect",
          "Effects": {
            "WorldSoundEventId": "SFX_Axe_Special_Swing"
          }
        }
      ]
    },
    "Spear_Stab_Damage": {
      "Interactions": [
        {
          "Parent": "Spear_Stab_Damage",
          "DamageCalculator": {
            "BaseDamage": {
              "Physical": 13
            },
            "Type": "Absolute"
          },
          "DamageEffects": {
            "WorldSoundEventId": "SFX_Axe_Special_Impact"
          }
        }
      ]
    },
    "Spear_Throw_Charged_Projectile": {
      "Interactions": [
        {
          "Parent": "Spear_Throw_Charged_Projectile",
          "ProjectileId": "Spear_Thorium"
        }
      ]
    }
  },
  "Icon": "Icons/ItemsGenerated/Weapon_Spear_Thorium.png",
  "DroppedItemAnimation": "Items/Animations/Dropped/Dropped_Diagonal_Left.blockyanim",
  "PlayerAnimationsId": "Spear",
  "Tags": {
    "Type": [
      "Weapon"
    ],
    "Family": [
      "Spear"
    ]
  },
  "MaxDurability": 150,
  "DurabilityLossOnHit": 0.1,
  "Weapon": {},
  "ItemSoundSetId": "ISS_Weapons_Wood",
  "Recipe": {
    "BenchRequirement": [
      {
        "Categories": [
          "Weapon_Bow"
        ],
        "RequiredTierLevel": 2,
        "Id": "Weapon_Bench"
      }
    ],
    "Input": [
      {
        "Quantity": 8,
        "ItemId": "Ingredient_Bar_Thorium"
      },
      {
        "Quantity": 3,
        "ItemId": "Ingredient_Leather_Medium"
      },
      {
        "Quantity": 2,
        "ItemId": "Ingredient_Fabric_Scrap_Linen"
      }
    ],
    "TimeSeconds": 4
  }
}
