{
  "TranslationProperties": {
    "Name": "server.items.Weapon_Spear_Iron.name"
  },
  "Categories": [
    "Items.Weapons"
  ],
  "Quality": "Uncommon",
  "ItemLevel": 20,
  "Model": "Items/Weapons/Spear/Iron.blockymodel",
  "Texture": "Items/Weapons/Spear/Iron_Texture.png",
  "MaxStack": 1,
  "IconProperties": {
    "Scale": 0.24,
    "Translation": [
      -58,
      -58
    ],
    "Rotation": [
      45,
      90,
      0
    ]
  },
  "Interactions": {
    "Primary": "Spear_Attack",
    "Secondary": "Spear_Block"
  },
  "InteractionVars": {
    "Spear_Block_Damage": "Spear_Block_Damage",
    "Spear_Stab_Effect": {
      "Interactions": [
        {
          "Parent": "Spear_Stab_Effect",
          "Effects": {
            "WorldSoundEventId": "SFX_Axe_Special_Swing"
          }
        }
      ]
    },
    "Spear_Stab_Damage": {
      "Interactions": [
        {
          "Parent": "Spear_Stab_Damage",
          "DamageCalculator": {
            "BaseDamage": {
              "Physical": 10
            },
            "Type": "Absolute"
          },
          "DamageEffects": {
            "WorldSoundEventId": "SFX_Axe_Special_Impact"
          }
        }
      ]
    },
    "Spear_Throw_Charged_Projectile": {
      "Interactions": [
        {
          "Parent": "Spear_Throw_Charged_Projectile",
          "ProjectileId": "Spear_Iron"
        }
      ]
    }
  },
  "Icon": "Icons/ItemsGenerated/Weapon_Spear_Iron.png",
  "DroppedItemAnimation": "Items/Animations/Dropped/Dropped_Diagonal_Left.blockyanim",
  "PlayerAnimationsId": "Spear",
  "Tags": {
    "Type": [
      "Weapon"
    ],
    "Family": [
      "Spear"
    ]
  },
  "MaxDurability": 120,
  "DurabilityLossOnHit": 0.1,
  "Weapon": {},
  "ItemSoundSetId": "ISS_Weapons_Wood",
  "Recipe": {
    "Input": [
      {
        "ItemId": "Ingredient_Bar_Iron",
        "Quantity": 7
      },
      {
        "Quantity": 3,
        "ItemId": "Ingredient_Leather_Light"
      },
      {
        "Quantity": 2,
        "ItemId": "Ingredient_Fabric_Scrap_Linen"
      }
    ],
    "BenchRequirement": [
      {
        "Id": "Weapon_Bench",
        "Categories": [
          "Weapon_Bow"
        ]
      }
    ],
    "TimeSeconds": 3.5
  }
}
