{
  "TranslationProperties": {
    "Name": "server.items.Weapon_Spear_Cobalt.name"
  },
  "Categories": [
    "Items.Weapons"
  ],
  "Quality": "Rare",
  "ItemLevel": 35,
  "Model": "Items/Weapons/Spear/Cobalt.blockymodel",
  "Texture": "Items/Weapons/Spear/Cobalt_Texture.png",
  "MaxStack": 1,
  "Interactions": {
    "Primary": "Spear_Attack",
    "Secondary": "Spear_Block"
  },
  "InteractionVars": {
    "Spear_Block_Damage": "Spear_Block_Damage",
    "Spear_Stab_Effect": {
      "Interactions": [
        {
          "Parent": "Spear_Stab_Effect",
          "Effects": {
            "WorldSoundEventId": "SFX_Axe_Special_Swing"
          }
        }
      ]
    },
    "Spear_Stab_Damage": {
      "Interactions": [
        {
          "Parent": "Spear_Stab_Damage",
          "DamageCalculator": {
            "BaseDamage": {
              "Physical": 15
            },
            "Type": "Absolute"
          },
          "DamageEffects": {
            "WorldSoundEventId": "SFX_Axe_Special_Impact"
          }
        }
      ]
    },
    "Spear_Throw_Charged_Projectile": {
      "Interactions": [
        {
          "Parent": "Spear_Throw_Charged_Projectile",
          "ProjectileId": "Spear_Cobalt"
        }
      ]
    }
  },
  "DroppedItemAnimation": "Items/Animations/Dropped/Dropped_Diagonal_Left.blockyanim",
  "IconProperties": {
    "Scale": 0.25,
    "Translation": [
      -55.8,
      -58.2
    ],
    "Rotation": [
      45,
      90,
      0
    ]
  },
  "Icon": "Icons/ItemsGenerated/Weapon_Spear_Cobalt.png",
  "PlayerAnimationsId": "Spear",
  "Tags": {
    "Type": [
      "Weapon"
    ],
    "Family": [
      "Spear"
    ]
  },
  "MaxDurability": 150,
  "DurabilityLossOnHit": 0.1,
  "Weapon": {},
  "ItemSoundSetId": "ISS_Weapons_Wood",
  "Recipe": {
    "Input": [
      {
        "Quantity": 10,
        "ItemId": "Ingredient_Bar_Cobalt"
      },
      {
        "Quantity": 3,
        "ItemId": "Ingredient_Leather_Heavy"
      },
      {
        "Quantity": 2,
        "ItemId": "Ingredient_Fabric_Scrap_Shadoweave"
      }
    ],
    "BenchRequirement": [
      {
        "Categories": [
          "Weapon_Bow"
        ],
        "RequiredTierLevel": 2,
        "Id": "Weapon_Bench"
      }
    ],
    "TimeSeconds": 4
  }
}
